image_name,caption
200.jpg,"An icon set of families, couples, friends and others showing forth love and concern for one another. The icons include families together, a parent giving a child a piggy back ride, a couple with their arms around each other, two people holding hands, a husband feeling the belly of his pregnant wife, a wedding ceremony, a couple leaning in for a kiss, a mother holding her child in her arms, two people hugging, a pet owner holding their dog, a child petting a dog, a pregnant woman feeling her stomach, two people taking a selfie together, an online relationship and a person reaching out to a disabled person in a wheel chair."
201.jpg,фотореальный красный чемодан с городским фоном. концепция вектора мировых путешествий - путешествия stock illustrations
202.jpg,Element design collection for label and logo. Design elements. Vector Illustration
203.jpg,30 Navigation Outline Icons.
204.jpg,Помолвка
205.jpg,"Wide angle color image depicting ultra modern contemporary interior architecture in City Hall (a public building in London that is open to the public) in London, UK. Looking up we can see a modern spiral staircase winding around the entire building, and also the windows that surround the building, letting in as much natural light as possible. Lots of room for copy space. ***IMAGE SHOT IN CITY HALL, LONDON, UK, A PUBLICLY OWNED BUILDING FREELY ACCESSIBLE TO THE PUBLIC. PLEASE NOTE THERE NO FEES OR TICKETS ARE REQUIRED TO ENTER, AND THERE ARE NO PHOTOGRAPHIC RESTRICTIONS***"
206.jpg,интеллектуальная женщина ит-программист работает на настольном компьютере в комнате управления системой центра обработки данных. команда - технологии стоковые фото и изображения
207.jpg,Education doodle sketches and icons
208.jpg,букингемский дворец двери ворота золотой орнамент лондон - buckingham palace стоковые фото и изображения
209.jpg,Vector illustration of the demographics infographic elements
210.jpg,жизнь цветок золото изолированных свободной энергии орнамента - стиль жизни stock illustrations
211.jpg,"Ecology & Recycling - set of line vector icons. Editable stroke. Pixel Perfect. Set contains such icons as Climate Change, Green Idea, Biofuel, Alternative Energy, Recycling, Green Technology."
212.jpg,"Soccer Ball, American Football - Ball, American Football, Baseball, Editable Outline Icon Set"
213.jpg,Social media template design with abstract background. Modern and geometric vector illustration to use as promotion web banners for social media.
214.jpg,16 Teamwork Outline Icons.
215.jpg,"Public transportation bus in New York in Manhattan, New York"
216.jpg,"Books of training, development  and skills are sitting on top of each other. The books have unique texts on their spines related to training  subject."
217.jpg,"Medicine & Healthcare - vector line icon set. Medicine, Healthcare, Insurance, First aid, Pregnancy, Ambulance car, Smart watch, Caduceus,"
218.jpg,A set of icons. File is built in the CMYK color space for optimal printing. Color swatches are global so it’s easy to edit and change the colors.
219.jpg,"Geometric snowflakes background with greetings. Christmas, Holiday greeting card with simple geometric shapes. Stylized snowflakes. Scandinavian style."
220.jpg,"Set of 6 ""Quality"" Vintage multicolored badges and labels (Red, orange, yellow, green, blue, pink), isolated on a brown retro background with an effect of old textured paper (Premium - Guaranteed Quality, Premium Quality Guaranteed, The High Quality, Quality - Guaranteed, Premium Quality - Guaranteed). Elements for your design, with space for your text. Vector Illustration (EPS10, well layered and grouped). Easy to edit, manipulate, resize or colorize."
221.jpg,античная иллюстрация: елизавета французская рубенс - elizabeth stock illustrations
222.jpg,30 Restaurant Outline Icons.
223.jpg,Cropped shot of an unrecognizable doctor holding s stethoscope
224.jpg,"Modern New year colorful fireworks. Editable set of vector illustrations on layers. 
This is an AI EPS 10 file format, with transparencies and one clipping mask."
225.jpg,"Healthy Lifestyle, Eating,"
226.jpg,"Traffic, Mode of Transport,"
227.jpg,Silhouettes
228.jpg,Simple Set of Occupations and Avatars Related Vector Line Icons. Outline Symbol Collection.
229.jpg,"Vector illustration of the infographic elements, bar chart, circle diagram, timeline."
230.jpg,"Ecology & Recycling - set of line vector icons. Editable stroke. Pixel Perfect. Set contains such icons as Climate Change, Ozone Layer, Biofuel, Alternative Energy, Recycling, Green Technology, Organic."
231.jpg,"Pixelated, Square Shape, Red, Backgrounds, Pattern"
232.jpg,Holiday Card with Christmas Trees. stock illustration
233.jpg,Close up of unrecognizable manual worker cleaning sawdust from his protective gloves in a workshop.
234.jpg,"концепция планирования отпускных поездок с картой. вид сверху оборудования для путешественников. путешествия концепции фона, молодая азиа - путешествия стоковые фото и изображения"
235.jpg,"Autonomous self driving cars in a roundabout (traffic circle) next to a highway. The cars are connected with each other with lines illustrating data transfers, GPS information and artificial intelligence used in the future of self driving cars."
236.jpg,20 Navigation Outline Icons.
237.jpg,"20 Outline Style - Black line - Pixel Perfect icons / Sport & Exercising Set #98
Icons are designed in 48x48pх square, outline stroke 2px.

First row of outline icons contains: 
Running, Weightlifting, Swimming, Winners Podium, Jumping;

Second row contains: 
Exercising, Diving, Walking, Skipping, Gym;

Third row contains: 
Hiking, Treadmill, Yoga, Cycling, Stretching; 

Fourth row contains: 
Exercise Bike, Squats, Winner, Sit-ups, Aerobics.

Complete Primico collection - https://www.istockphoto.com/collaboration/boards/NQPVdXl6m0W6Zy5mWYkSyw"
238.jpg,20 Outline Icons.
239.jpg,нью-джерси наброски векторной карты сша для печати - elizabeth stock illustrations
240.jpg,"Set of 6 ""Best"" Black badges and labels, isolated on white background (The Best Seller, The Best - Guaranteed, Premium - Best Seller, Premium Quality - Best Price - 100% Guaranteed). Elements for your design, with space for your text. Vector Illustration (EPS10, well layered and grouped). Easy to edit, manipulate, resize or colorize. Please do not hesitate to contact me if you have any questions, or need to customise the illustration. http://www.istockphoto.com/portfolio/bgblue"
241.jpg,New tire and rim
242.jpg,16 Security Outline Icons.
243.jpg,"Realistic Vector Digital Tablet, Mobile Phone, Smart Phone, Laptop and Computer Monitor. Modern Digital Devices"
244.jpg,"Heart Shape, Hand, Hospital, Human Hand, Laboratory"
245.jpg,лебедь в реке и город перт на заднем плане - elizabeth стоковые фото и изображения
246.jpg,"Abstract vector bokeh vignette background. The eps file is organised into layers for the background, the bokeh, the lights and the stars."
247.jpg,Abstract Blue Halftone Background
248.jpg,Highly detailed people silhouettes.
249.jpg,"Vector illustration of a polluted sick planet Earth coughing. Concept for pollution, air pollution, climate change, greenhouse gases, carbon dioxide emissions, environmental damage and environmental conservation."
250.jpg,Outline Icon Set.
251.jpg,30 Transportation Outline Icons.
252.jpg,я всегда так горжусь тобой - стиль жизни стоковые фото и изображения
253.jpg,Cropped shot of an attractive young woman working in a call center
254.jpg,abstract papercutting style floral pattern background
255.jpg,Dark Purple Abstract Technology background
256.jpg,"Vector illustration of the infographic elements, bar chart, circle diagram, timeline."
257.jpg,shot of living trust and estate planning
258.jpg,"A set of emotional depression icons that include editable strokes or outlines using the EPS vector file. The icons include a depressed person, a sad person reaching for help, a person holding an umbrella over a sad person, a person consoling a depressed person, an arm around the shoulder of an emotionally depressed person, an awareness ribbon, a heart to represent love, a hug, postpartum depression, a caring person, depression cycle, a person reaching to heaven, hope from depression and other related icons."
259.jpg,Pencil on a vintage school desk.
260.jpg,Various simple sports drawing doodles
261.jpg,"Set of 6 Brown badges and labels, isolated on white background (Premium Quality - Guaranteed, The Best Seller, Creative - The Best Design, Money Back - 100% Guaranteed, Special Offer, Original - Best Quality). Elements for your design, with space for your text. Vector Illustration (EPS10, well layered and grouped). Easy to edit, manipulate, resize or colorize."
262.jpg,Abstract futuristic background
263.jpg,королева елизавета ii центр лондона великобритания - queen elizabeth ii стоковые фото и изображения
264.jpg,королевский британский гвардеец. гренадер. солдат королевской гвардии. - queen of england stock illustrations
265.jpg,Women's personal accessories
266.jpg,"Modern background design with abstract graphs and textures. 
Fully editable vector."
267.jpg,Modern science teaching and reasoning doodle style concept outline symbols. Line vector icon sets for infographics and web designs.
268.jpg,иконы ванной комнаты и медицинских людей - люди stock illustrations
269.jpg,"Currency, Chess, Chart, Price, Bank"
270.jpg,Highly detailed people silhouettes.
271.jpg,"A set of loving relationships icons. The icons include families, couples, boyfriend and girlfriend, pregnant women, feeling of love and affection symbolized by a heart shape, husband and wife, hugs, arms around shoulders, newborns, children, babies and other related icons."
272.jpg,Colorful Vector Sunburst
273.jpg,Shot of a female nurse assisting her senior patient while walking
274.jpg,"A set of black productivity icons. The icons include business people working at computer, moving forward and up in their careers, running with a briefcase, a business team with cog, business person giving presentation, making a deal, in a conference meeting, making money, juggling, money goals, high five, on the clock, achieving success, holding a lightbulb and jumping a canyon to name just a few of the different concepts illustrated."
275.jpg,Motion blur.
276.jpg,30 Food and Drinks Outline Icons.
277.jpg,круизный лайнер королевы елизаветы - queen elizabeth стоковые фото и изображения
278.jpg,"Internal steel structure of modern car park, public building, red and black colors"
279.jpg,black and white geometric style line pattern background
280.jpg,Defocused Empty Classroom
281.jpg,Vector illustration of the infographic elements
282.jpg,Kitchen in new luxury home
283.jpg,"Fitness method,"
284.jpg,Fractured 3D cube render against light gray background
285.jpg,"Abstract illustration of particle wave pattern with copy space. Mesh, three dimensional background"
286.jpg,простой человек глава значок установить - люди stock illustrations
287.jpg,"Modern and trendy abstract background. Geometric texture for your design (colors used: white, gray). Vector Illustration (EPS10, well layered and grouped), wide format (2:1). Easy to edit, manipulate, resize or colorize."
288.jpg,букингемский дворец историческое здание лондон великобритания - elizabeth стоковые фото и изображения
289.jpg,set of plant floral and leaf pattern icon
290.jpg,Social Network Backgrounds
291.jpg,королевская корона - queen of england stock illustrations
292.jpg,30 Charity and Donation Outline Icons.
293.jpg,"Digitally generated abstract background image, perfectly usable for all kinds of topics."
294.jpg,"Health Care,"
295.jpg,Celebrating the International Day of Families on 15 May annually with paper cutting of a family holding hands together reflecting the importance of family
296.jpg,Celebration fourth of july independence day bunting background.
297.jpg,20 Transportation Outline Icons.
298.jpg,30 E-Learning Outline Icons.
299.jpg,Light gray white block data digital transfer abstract background.
300.jpg,Fitness and Sports Related Vector Line Icons
301.jpg,клиент путешествие изометрические наброски иллюстрация - путешествия stock illustrations
302.jpg,16 Ecology and Environment  Outline Icons.
303.jpg,"авианосец вмс великобритании «королева елизавета» пришвартовался в гавани галифакса, новая шотландия - queen elizabeth стоковые фото и изображения"
304.jpg,digital city
305.jpg,Stock photo of a young Asian woman looking at see through data whilst seated in a dark office
306.jpg,"шахматы красной королевы, стоящие на черном фоне - queen стоковые фото и изображения"
307.jpg,Smartphone. Mobile phone Template. Telephone. Realistic vector illustration of Digital devices
308.jpg,Wood empty surface and kitchen as background
309.jpg,Different emotions and feelings showing thru specific colors and line icons. Illustration is made from vectorised elements took from acrylic painting.02/
310.jpg,контур карты нью-джерси - elizabeth stock illustrations
311.jpg,30 Building Outline Icons.
312.jpg,48x48
313.jpg,торговый центр украшен флагами union jack london uk - elizabeth стоковые фото и изображения
314.jpg,Vibrant colorfull background
315.jpg,Various Supermarket Vegetables
316.jpg,Vintage and damaged photo of a girl and her father playing outdoors
317.jpg,36 Time Management Icons - Line Series
318.jpg,25 Fitness and Workout Flat Icons.
319.jpg,"Red, Orange, Yellow, Turquoise, Blue and Green Watercolor Fishes Seamless Pattern with White Background."
320.jpg,Realistic vector illustration of White and Black Digital Tablet  Template. Modern Digital devices
321.jpg,Tourism and Travel Vector Concept and Infographic Design Elements in Linear Style
322.jpg,роскошный шаблон вектора значка короны. линейный дизайн вектора значка короны - queen stock illustrations
323.jpg,"Office building seen through glass roof, glass ceiling in public building, low angle below, Canada Tower, financial district in Canary Wharf, blue toned image, London, England, UK."
324.jpg,Christmas Background with Trees.
325.jpg,"Set of 3D Elements - particles, lines and blocks"
326.jpg,античный портрет известных женщин: королева румынии елизавета - elizabeth stock illustrations
327.jpg,Monkey heads with various facial expressions - outline vector icon set
328.jpg,Circuit board with copyspace
329.jpg,антенна. люди толпятся на пешеходном переходе. фон сверху. тонированное изображение. - люди стоковые фото и изображения
330.jpg,"Fashionable desk with women's cosmetics and accessories. Flat Lay, top view. Shadow from a palm leaf"
331.jpg,Hacking and computer crime icons and symbols collection.
332.jpg,"Set of 6 red badges and labels, isolated on white background (Quality - Guaranteed, Money Back Guaranteed, Best Design, Limited Edition, Original - Premium Quality Guaranteed, Premium - Best Seller). Elements for your design, with space for your text. Vector Illustration (EPS10, well layered and grouped). Easy to edit, manipulate, resize or colorize. Please do not hesitate to contact me if you have any questions, or need to customise the illustration. http://www.istockphoto.com/portfolio/bgblue"
333.jpg,"Medical,"
334.jpg,Stethoscope with financial statement
335.jpg,Families.
336.jpg,Gift boxes coming out of a yellow megaphone over yellow background. Horizontal composition with copy space. Great use for announcement concepts.
337.jpg,Go team sports college team or school or celebration pennant with copy space.
338.jpg,"Hand drawn, scribbled design elements. Marker drawings."
339.jpg,"A set of freight and cargo transport icons. The icons show methods of transport including air transport, barge, rail, semi-truck and other shipping methods. They also include a forklift, warehouse, freight train, airplane, delivery truck, packages, palette, crane, inspector, a handshake between two people, a delivery van, a driver, open road and cargo container to name just a few."
340.jpg,Different business concept. Red arrow sign changing direction from white arrow sign.
341.jpg,"Business - thin line vector icon set. 20 linear icon. Editable stroke. Pixel Perfect. Set contains such icons as Team, Strategy, Success, Performance, Website, Handshake, Promotion, Good Idea Coffee Break."
342.jpg,After preparing vegetable meal for cooking it is time making compost from leftovers.
343.jpg,летние каникулы и международные путешествия - путешествия stock illustrations
344.jpg,Happy reunion of soldier with family
345.jpg,Seamless - Horizontal
346.jpg,"Technology, Data, Computer Network, Big Data, Nerve Cell"
347.jpg,Futuristic drone flying over the city
348.jpg,A Male and Female side silhouette profile overlaid with various semi-transparent Machine Gears shapes. Centre placed are white “rewind and 2 gear” symbols.
349.jpg,"Money, Finance,"
350.jpg,Red stethoscope forming an American Dollar sign on white background. Financial analysis concept. Horizontal composition with clipping path and copy space. Directly above.
351.jpg,"Digitally generated abstract background image, perfectly usable for all kinds of topics."
352.jpg,"Realistic Vector Digital Tablet, Mobile Phone, Smart Phone, Laptop and Computer Monitor. Modern Digital Devices"
353.jpg,"A set of computer programing icons that include editable strokes or outlines using the EPS vector file. The icons include computer programmers, software programers, software developers, person using coding on computer, programmer holding a cup of coffee, security shield, programmer working at laptop, worker asleep at work, boardroom meeting, programmer holding light bulb, person holding college degree, coding, programmer working overtime, programmer working from home, cubicle, computer bug and other related icons."
354.jpg,20 Building Outline Icons.
355.jpg,"Vector illustration of the infographic elements, bar chart, circle diagram, timeline."
356.jpg,Malaysia Street Hawker cooking Clay pot Chicken Rice in night market at Kuala Lumpur.
357.jpg,королевская корона великобритании - queen of england stock illustrations
358.jpg,"A set of hiking icons that include editable strokes or outlines using the EPS vector file. The icons include a person hiking, two people hiking, a map on a mobile phone, mountain trail, piggyback ride, hiker with backpack, backpack, tent, hiking shoe, hiker, gps device, map, selfie, mountain range, panorama, taking pictures, compass, whistle, sightseeing, hiking boot and a man at the summit of a mountain to name a few."
359.jpg,отчет о бизнес-документах на бумаге и планшете с данными о продажах и графиком роста финансового бизнеса на фоне таблицы. - бизнес стоковые фото и изображения
360.jpg,"20 Outline Style - Black line - Pixel Perfect icons / Fitness & Sport Set #97
Icons are designed in 48x48pх square, outline stroke 2px.

First row of outline icons contains: 
Water Bottle, Distance Sign, Swimming, Sports Shoe, Muscular build;

Second row contains: 
Walking, Stopwatch, Healthy Eating, Dumbbell icon, Waist measuring;

Third row contains: 
Weights Scale, Running Person, Tape Measure, Cardio load, Stretching ; 

Fourth row contains: 
Cycling, Swimming Pool, Lotus Position (Yoga), Sleeping, Apple - Fruit.

Complete Primico collection - https://www.istockphoto.com/collaboration/boards/NQPVdXl6m0W6Zy5mWYkSyw"
361.jpg,business template with blue gears
362.jpg,"3D rendered depiction of digital network connections shaped like a human face. Highly detailed and perfectly usable for a wide range of topics related to artificial intelligence, big data or technology in general."
363.jpg,"сверхурочная работа является то, что все успешные люди должны делать - технологии стоковые фото и изображения"
364.jpg,"Graphic snowflake background with greetings. Christmas, Holiday greeting card."
365.jpg,Male hospital administrator gestures while discussing a serious topic during a staff meeting.
366.jpg,20 Party Outline Icons.
367.jpg,довольно милый корги собака носить королевский костюм корону на белом фоне.  копировать пространство - queen стоковые фото и изображения
368.jpg,"A set of children icons. The icons include children, children playing, boys, girls, families, sons, daughters, boy and a dog, children waving, child swinging, child getting a piggy back ride, children swimming, child jumping rope, child getting on a school bus, child reading, child riding a bike, children running, children jumping, child flying a kite, child riding a push scooter, childhood friends, mother and child, child playing soccer, child dressed up as a superhero, children playing with ball and children dancing to name just a few."
369.jpg,"Dozens of different vehicles are arranged playfully and shown in isometric view. Cars, trucks, buses, boats, trains, airplanes, and helicopters are included in these detailed icons, in bold color."
370.jpg,Eps10 vector illustration with layers (removeable) and high resolution jpeg file included (300dpi).
371.jpg,"Insurance,"
372.jpg,30 Contact Outline Icons.
373.jpg,A set of icons. File is built in the CMYK color space for optimal printing. Color swatches are global so it’s easy to edit and change the colors.
374.jpg,"Graphic snowflake background with greetings. Christmas, Holiday greeting card."
375.jpg,размытые деловые люди на пути с работы - люди стоковые фото и изображения
376.jpg,"Vector illustration of a Abstract Slope Diagonal Lines, Black over transparent background"
377.jpg,"Landing page template for your website with a futuristic background, looking like a meteor shower. Modern and trendy abstract background with geometric shapes. This illustration can be used for your design, with space for your text (colors used: Red, Pink, Purple, Blue). Vector Illustration (EPS10, well layered and grouped), wide format (3:2). Easy to edit, manipulate, resize or colorize."
378.jpg,Different emotions and feelings showing thru specific colors and line icons. Illustration is made from vectorised elements took from acrylic painting.
379.jpg,"Wisdom Vector Line Icon - Simple Thin Line Icon, Premium Quality Design Element"
380.jpg,"A set of charitable giving icons that include editable strokes or outlines using the EPS vector file. The icons include charitable donations, helping hand, giving money, family in need, philanthropists, donors, check, needy, fundraising, giving hope, assisting the needy and other related icons."
381.jpg,красивый пейзаж окии с пальмами вдоль набережной. - elizabeth стоковые фото и изображения
382.jpg,30 Marketing Line Icons.
383.jpg,20 Travel Outline Icons.
384.jpg,Vector illustration of the infographic elements
385.jpg,абстрактный сетевой фон - технологии стоковые фото и изображения
386.jpg,"Holiday, Christmas background with stylized mistletoe and other branches and leaves."
387.jpg,"Bright colored gradients halftone background with a space for your text. EPS 10 vector illustration, contains transparencies. High resolution jpeg file included.     (300dpi)"
388.jpg,"Mode of Transport,"
389.jpg,"Online Education,"
390.jpg,symbols of time icon design element
391.jpg,Close-up of smudged blank blackboard texture background.
392.jpg,"Vector illustration of the infographic elements, bar chart, circle diagram, timeline."
393.jpg,"Core Values, Business,"
394.jpg,"Vector illustration of a set of Restaurant menu and bar labels with unique shapes and text designs as well as utensils and drinkware. Includes Restaurant Menu, Wine Bar, Kitchen & Cafe, Cocktail Lounge, Coffee & Dessert, Family Style Restaurant and buffet text designs as well as fork,spoon,knife,whisk,coffee cup, wine glass and cocktail glass. Unique and retro set of badges. Fully editable EPS 10."
395.jpg,"An icon set consisting of all engineers. The engineers represented include common engineers, civil engineer, petroleum engineer, construction engineer, mechanical engineer, architectural engineer, chemical engineer, industrial engineer among others. Each of the engineers represented have hard hats on. Some of the engineers are shown looking a blue prints, standing in front of an oil well, writing notes, on their phone, shaking hands, standing in front of a construction crane, standing in front of a constructed building, standing in front of a bridge, standing in front of a windmill and standing in front of a chemical plant."
396.jpg,Set of Christmas and holiday tags - Stock illustration
397.jpg,Seamless. Colors easily changed.
398.jpg,Abstract colorful grid in motion
399.jpg,"Roundabout, railway line, river, plane from above - bird's eye view"
